country,crop,plant_median,temp_average,temp_at_planting,precip_at_planting,crop_code
Albania,Wheat,319,13.2985334102017,9.90787253133757,163.806151058595,5
Algeria,Wheat,334.5,15.7388342876275,10.2714986371231,63.4715344082052,8
Algeria,Barley,334.5,15.5364456227658,9.85090474598347,58.2361269397544,6
Algeria,Rice,122.5,16.0146533437164,15.3481518151563,46.8812981233261,7
Angola,Wheat,136,21.4199394939949,21.0143261629053,20.0065336314645,17
Angola,Rice,319.5,21.4024768166963,22.2251709390555,175.622711768713,16
Angola,Millet,335,21.4082423497156,22.1440202187544,178.299685088199,15
Argentina,Barley,213,15.3323192125963,9.07739921694221,34.1593551391192,18
Argentina,Millet,301.5,17.0681392895245,18.4507482453199,87.6358810863077,19
Armenia,Wheat,258.5,7.43351244947371,15.7768077215849,29.7413826157747,26
Bangladesh,Wheat,345.5,25.5140171738045,20.0473617217674,7.86691373363562,29
Belarus,Rye,245,6.10698751788047,14.1927075522398,62.1173855125468,34
Belarus,Barley,121,6.10636089005972,10.166233519939,48.1870470344761,33
Benin,Millet,166.5,27.8695140492533,27.5899233538835,143.42412722984,35
Benin,Rice,121,27.8570525516121,30.0248130267668,88.3115542890826,36
Bolivia,Wheat,334.5,18.694701245362,20.7994394624164,109.900548187121,39
Bolivia,Barley,319,21.3379215519168,23.3510372811046,99.6953226032919,37
Bolivia,Rice,319.5,23.5402941802975,25.4122514471137,118.27974877497,38
Botswana,Wheat,136,20.81302683416,16.9166500435319,6.97441142754777,41
Botswana,Millet,334.5,21.323904264719,25.0347031116369,72.9005594921108,40
Brazil,Barley,166.5,18.3189958842707,13.8470090516854,134.668157316807,46
Burkina Faso,Millet,166.5,28.9981593070306,30.376614833305,97.8219532595838,48
Burkina Faso,Rice,350,28.3851948538285,25.6827682924545,2.53182080084332,49
Cambodia,Rice,220.5,27.3706437877275,27.5822336051918,250.952096978526,54
Cambodia,Rice,350.5,27.3706437877275,25.3660246527908,29.844120969021,54
Cameroon,Millet,166.5,24.0391569775445,23.9354660787703,187.818769314006,55
Cameroon,Rice,166.5,23.9360304660922,23.7860132789774,190.29741403446,56
Central African Republic,Millet,182,25.2238130007069,24.5454598178945,196.759587749745,59
Central African Republic,Rice,182,24.8976038507498,24.2654363204213,191.281167287557,60
Chad,Millet,166.5,27.9779824583504,30.3669418841621,56.9610360377634,65
Chad,Rice,182,26.6731681792319,25.9710499358093,184.330470941063,66
Chile,Wheat,166.5,11.8716818343657,7.32751294062452,209.451357298626,72
Chile,Barley,227.5,11.3826210911478,7.29918303669178,200.257815385377,70
Chile,Rice,319,13.0972584054702,15.2088477985586,26.6470346308693,71
Colombia,Wheat,75,19.4444158529318,19.8373446117237,151.028312234071,78
Colombia,Barley,75.5,19.9905300364275,20.3997700007904,151.086750927861,76
Colombia,Rice,60.5,22.2209334595441,22.6457988549475,122.281190142194,77
Congo Dem. Rep.,Millet,136,23.9639338330187,24.3463400544756,66.2332931954271,83
Congo Dem. Rep. (North),Rice,212.5,23.3023453574101,22.3160663117359,170.551931778386,81
Congo Dem. Rep. (South),Rice,0.5,22.7950226776319,22.6961495008813,166.193924888411,82
Costa Rica,Rice,121,26.074689014372,27.0542426326573,161.357233510007,84
Costa Rica,Rice,243,26.074689014372,25.7881197853727,327.866736734831,84
Cuba,Rice,126.5,25.181317994024,25.7195131977801,150.659807311835,87
Cuba,Rice,14.5,25.181317994024,22.2899600293599,36.273145590318,87
Dominican Republic,Rice,30,24.2545770807384,22.4287334217077,56.3922546464162,94
Dominican Republic,Rice,227.5,24.2545770807384,25.7355703575395,155.19717280669,94
North Korea,Wheat,294,5.6182822098725,6.4544526926077,45.294781590482,277
North Korea,Barley,319.5,5.62729015360604,-0.353048027081921,37.1671834385198,274
North Korea,Rice,116,8.23510795344525,10.5388971233976,64.9393694236576,276
North Korea,Millet,166.5,8.23444086757053,18.8268196274876,116.938008143013,275
Timor Leste,Rice,14.5,24.4787881700494,25.1405755720642,213.032678758357,394
Timor Leste,Rice,136,24.4787881700494,24.3880039515248,107.035228694717,394
Ecuador,Wheat,61,19.7471109197634,20.2559229820904,267.668672725714,101
Ecuador,Barley,4.5,19.1521764945984,19.368664845486,168.58680271767,99
Ecuador,Rice,350.5,22.1566354909932,22.3429853478248,86.560117491922,100
Egypt,Wheat,319.5,21.413168738911,18.8103093633473,6.36249914877474,105
Egypt,Barley,334.5,21.5465434223329,16.9732265179254,10.243176455966,102
Egypt,Rice,152.5,20.547988806191,24.2863600022338,0.85735755278515,104
El Salvador,Rice,151,24.0648365094953,24.7002306713657,233.815613514118,106
El Salvador,Rice,30,24.0648365094953,23.4328491591358,4.09552183967105,106
Eritrea,Wheat,197,24.0752937638277,25.0859822707309,129.891159640262,109
Eritrea,Millet,182,24.0752937704005,25.8514057471522,88.416355067307,108
Eritrea,Barley,192,19.786858276958,21.183153086884,127.074539546934,107
Estonia,Wheat,259,4.94695632654144,10.8320208130266,72.0593749785992,110
Ethiopia,Wheat,151,19.2020737715871,20.1922005483257,108.643772535273,113
Ethiopia,Millet,151,20.1158675454841,21.4066064896425,104.822577457381,112
Ethiopia,Barley,151,19.6770749353747,20.9046261711988,94.7270424230004,111
French Guiana,Rice,34.5,26.2334702438566,25.5882451867978,269.80912511827,118
The Gambia,Millet,182,27.5916281975693,28.7853487057893,151.779855605649,392
The Gambia,Rice,182,27.0415242789237,28.2848273449915,162.450689412671,393
Georgia,Wheat,265.5,9.96721700331026,15.4834532988952,78.4820882048678,120
Ghana,Millet,166.5,28.0121355876895,27.4073396163409,145.073848862904,126
Ghana (South),Rice,121,26.7446332885726,27.7578365110549,146.735204833294,125
Ghana (North),Rice,166.5,27.9712315299996,27.249435181062,146.344617616501,124
Guatemala,Wheat,136.5,22.3638160764104,23.9839066198354,175.200781857461,128
Guatemala,Rice,136,22.3789539628362,24.0024702330057,172.580234854114,127
Guinea,Millet,151,25.1731888606262,26.475537019595,177.744819217457,131
Guinea,Rice,182,25.076174297084,24.9664528975054,313.457593783963,132
Guinea-Bissau,Millet,151,27.1911221850565,28.947571005277,89.8132053847577,129
Guinea-Bissau,Rice,197.5,27.1357835042228,26.8943711798018,394.839130999577,130
Guyana,Rice,121.5,26.8432992794153,26.8043440718034,239.565099305761,136
Haiti,Rice,76,24.0905126672342,23.1520822250579,65.2689804937306,137
Haiti,Rice,243,24.0905126672342,25.5136298313245,183.694082257551,137
Indonesia (Java),Rice,304,26.1141713411322,26.6352631701127,214.631179171771,147
Indonesia (Java),Rice,151,26.1141713411322,26.0817437170765,135.569874751011,147
Indonesia (South Sulawesi (east)),Rice,335,25.6235481339588,26.2678150992207,166.662490267873,148
Indonesia (South Sulawesi (west)),Rice,151,25.4326826489023,25.410319408695,216.508212950185,149
Indonesia (Sumatra),Rice,243,26.1034426319055,26.1006596835226,167.00667428024,150
Indonesia (Sumatra),Rice,90,26.1034426319055,26.320250151833,240.595762386495,150
Iran,Wheat,279,14.5589850379224,17.8891178634836,20.3579262734577,154
Iran,Barley,319.5,14.6556715098195,9.54147789652613,33.7709454711948,152
Iran,Rice,106.5,15.1236038125317,14.4177123286181,40.8005370539731,153
Iraq,Wheat,334,21.3393320895214,12.9189101615751,37.6058981332579,158
Iraq,Barley,318.5,21.5720682728119,16.0371509150433,30.01286815237,155
Israel,Wheat,324,18.970217978418,16.4154577024121,71.1493995688649,160
Israel,Barley,334,18.9711335768356,14.9846381632273,88.2978526228841,159
Cote d'Ivoire,Millet,166.5,26.7368389998246,26.1228680532993,138.406599664104,85
Cote d'Ivoire,Rice,151.5,26.3262404459135,26.5233866465032,158.042279818836,86
Japan,Rice,167,11.9322523386018,19.0152922558543,204.833683367014,164
Japan,Wheat,298.5,8.75608429893222,9.51092982669358,108.647391423672,165
Jordan,Wheat,350,17.461438443476,9.91282521979278,47.0370072023468,167
Jordan,Barley,350,17.3640617128472,9.79642445438956,49.491375690095,166
Kazakhstan,Wheat,138,2.75930135577052,13.6428235352191,30.8939970010302,174
Kazakhstan,Barley,121,4.0774455487148,10.3850537793323,29.6807300716935,173
Kenya,Wheat,156.5,23.4912079360153,22.7903977054456,69.4466968181277,180
Kenya,Millet,85,23.4923176933659,24.8123276115475,102.411178668832,178
Kenya,Barley,80.5,23.4889483305595,24.8974779869349,90.3411669550538,177
Kyrgyzstan,Wheat,256.5,3.00811733483261,10.9611809110297,17.2821434537395,187
Laos,Rice,167,24.658229574131,26.88880760933,286.632052857465,188
Laos,Rice,357.5,24.658229574131,20.3788264850145,29.6549794508011,188
Latvia,Wheat,257,5.68474753748006,11.8067860528139,70.5547507573924,191
Latvia,Rye,245.5,5.68474753817275,13.4218936711806,72.9416691299668,190
Latvia,Barley,121,5.68474753746329,8.2737357786809,43.6036644964571,189
Lebanon,Wheat,334.5,15.3616617884694,10.5141529155595,111.273535238928,192
Lesotho,Wheat,136,11.5403566095083,7.83545343236843,28.0848225290553,193
Liberia,Rice,151.5,25.1904431760637,25.5277290554955,310.237938077532,194
Libya,Wheat,303.5,19.5528315125428,19.5860390142519,40.7003999478292,197
Libya,Barley,303.5,19.5528315070068,19.5860390087264,40.7003999333135,195
Libya,Millet,75.5,19.5528315269986,14.9234207587572,34.1470482550259,196
Lithuania,Wheat,258,6.1716283924472,12.0931129861535,65.0581538070217,200
Lithuania,Rye,245.5,6.14980768029916,13.8058364206757,70.7449438110827,199
Lithuania,Barley,121,6.16339503508942,9.09463511522452,46.7764926533283,198
Macedonia,Wheat,319,10.160315691488,5.74179588002897,72.5750981211156,206
Macedonia,Rice,131,10.1567018639909,13.5973181563634,66.7005039921346,204
Madagascar,Wheat,136,22.5886499168088,21.878376550561,73.4144185254471,208
Madagascar,Rice,343,22.0940629883801,23.806352429387,240.411178147246,207
Malawi,Wheat,56.5,21.3385733983054,22.6728234240184,204.748389030324,213
Malawi,Rice,339.5,22.0136294722063,24.2655068322829,178.982947320045,212
Malaysia (Sabah prov.),Rice,212,25.6247617471719,25.7360962479861,186.010868507553,214
Malaysia (Sarawak prov.),Rice,243,25.8560985569313,25.906331310592,253.751866595425,215
Mali,Millet,166.5,28.4801883834601,31.1644567594248,75.393235232198,216
Mali,Rice,182,28.5603808380681,30.2794172525935,106.432664327566,217
Mauritania,Millet,212.5,29.4300151348757,30.5864377799,103.882514984398,221
Mauritania,Rice,174.5,28.4265430049168,31.6355638249665,26.4776923262702,222
Mauritania,Rice,319.5,28.4265430049168,27.2340707839594,1.32599973450248,222
Mexico,Rice,151.5,24.5035558715639,26.9173567649593,147.679293657467,223
Moldova,Wheat,258,9.83155766681938,16.6076633091502,43.6142045018872,234
Morocco,Wheat,335,17.0531767343197,12.7475628135537,75.8283552331428,238
Morocco,Barley,335,16.9598680963262,12.7403211153982,63.0669194118383,237
Mozambique,Wheat,136,23.1777251331516,21.4133964496482,23.8247129042834,239
Myanmar,Wheat,299,25.1542164247932,25.2649141696982,134.930211677667,240
Namibia,Wheat,143.5,20.1557727321871,16.7475607554279,3.06459916911033,241
Nepal,Wheat,319.5,20.8745550661047,17.6491556106282,8.739432711298,247
Nepal,Rice,182,21.2403313411268,26.3324293552867,390.570694801162,246
Nepal,Millet,192,18.906464010885,24.1754246596613,445.30737780788,245
Nicaragua,Rice,166.5,25.4788878917883,25.7545825689388,284.009139879065,260
Niger,Millet,185,28.8350220275654,30.4827527557479,105.603164582918,261
Niger,Rice,182,29.6601561480521,31.0244390144286,102.278896033716,262
Nigeria,Millet,166.5,27.185443445209,29.2238531198653,103.599436759843,263
Pakistan,Barley,303.5,22.2279794552722,20.4267133558516,9.88259324977997,298
Pakistan,Millet,197.5,24.6743694671561,32.4295499530083,99.0054924361337,299
Panama,Rice,152,25.6654470733152,26.0434825623546,245.856464235227,302
Paraguay,Wheat,136.5,21.4895850569243,18.5824136423735,146.159481311998,304
Paraguay,Rice,318.5,21.8342183221506,23.9765472906865,165.746617316694,303
Peru,Wheat,15,14.3200926854666,15.115617539141,122.199446427429,310
Peru,Barley,5,9.17376452090829,10.0048897039003,118.074304249804,308
Peru,Rice,30,14.3346106095121,15.131404710916,126.643438795455,309
Saudi Arabia,Wheat,334,24.4899572137395,17.3340718468606,17.618762435809,331
Saudi Arabia,Barley,334,23.4092695287352,16.3975159759239,16.9279660666065,328
Saudi Arabia,Millet,242,23.9080315436099,31.3173092227832,1.64683499833055,329
Senegal,Millet,190,27.8062620174491,29.0173902885647,122.406280588691,332
Senegal,Rice,197.5,27.5464029900747,28.3428463688969,197.053676761347,333
Sierra Leone,Millet,166.5,26.3371128405057,26.1362086508943,333.273595490307,334
Sierra Leone,Rice,151.5,26.201745704375,26.5879291315322,289.793005703165,335
South Africa,Barley,136,16.8137581926869,13.0933475231744,19.0978813572396,339
South Africa,Rice,303.5,17.3228350929262,19.1805789535471,66.5730139854238,341
South Africa,Millet,293.5,17.3428909148825,18.6320668752021,60.8780390054263,340
South Korea,Wheat,294,12.1207600290319,12.9141082162876,56.3020137021295,353
South Korea,Barley,319.5,12.1211738051962,7.1775197206121,50.4170785092655,350
South Korea,Rice,151,12.1182516249392,18.8630827727691,136.976087640019,352
South Korea,Millet,166.5,12.1183720316271,21.0380718671212,173.453182290063,351
Sri Lanka,Rice,299,26.7632376996873,26.3378455685347,275.884592175635,361
Sudan,Wheat,319.5,28.2474313779771,27.1966538875105,4.68172818705064,367
Sudan (South),Millet,121,27.4152193473419,30.2642607016014,44.5144954626791,366
Sudan (North),Millet,182,27.2042841837741,28.40182379421,97.9099654570881,365
Suriname,Rice,152,27.1102748178501,26.959373377794,275.375304184895,368
Swaziland,Wheat,136,19.3247688258582,17.2081177135413,24.8024041308561,370
Swaziland,Rice,304,19.3012797955878,20.1585422251385,107.60083714944,369
Syria,Wheat,333,17.7275826800179,10.9277878548703,60.5876122744329,377
Syria,Barley,329,17.6949970798166,11.5519013813016,56.5399904402792,374
Syria,Rice,121,18.006551470092,18.9016224349201,48.0654339391658,375
Tajikistan,Wheat,272.5,9.88942225149033,13.4483526196377,20.6696258841729,378
Tanzania (South),Wheat,13,20.7282142436872,21.7846874888579,199.863257106911,382
Tanzania (North),Wheat,45,20.9515294603227,22.5047260600205,79.9522945990355,381
Tanzania,Barley,46,22.0597028734961,22.9086026250636,146.192905296343,383
Togo,Millet,166.5,27.985933390026,27.4322211450689,141.299911047595,395
Togo,Rice,136,26.6003835033091,27.3476883861764,139.687245786249,396
Trinidad & Tobago,Rice,187.5,26.0961115787645,26.3333312832259,258.95904871232,397
Tunisia,Wheat,319,17.073969340207,13.913704309938,76.1414796699089,399
Tunisia,Barley,318.5,16.9352047479316,13.7484454806232,70.1232364097839,398
Turkey,Wheat,294,11.6034085428413,12.1502980851329,44.390444163437,404
Turkey,Barley,304,11.1718225027819,9.77719879288218,43.3860277499596,400
Turkey,Rice,136.5,12.643901558467,16.1812691408477,50.0200086432467,402
Turkey,Millet,121,14.1068790861005,14.7631914946217,53.1801898167309,401
Turkmenistan,Wheat,272.5,15.9141141090352,18.6856146783754,4.04063921415903,405
Uganda (South),Millet,61,18.4377875188139,18.8484992734607,103.369842460395,407
Uganda (North),Millet,121,23.3749815427374,23.5591417080365,161.479748997831,406
Uruguay,Wheat,182,17.6842130804588,11.5569128305333,73.966123133233,413
Uruguay,Barley,181.5,17.6275363377931,11.5428094946728,73.3889052168349,411
Uruguay,Rice,313.5,17.8083075212136,19.2611727771547,100.920525330451,412
Venezuela,Rice,151,26.3440093654771,26.1459476059439,225.218490758861,416
Zambia,Wheat,143.5,22.2297244760646,19.197394209859,3.02959066290889,446
Zambia,Millet,349.5,21.3345714129959,22.6851804661273,227.815516142865,445
Zimbabwe,Wheat,143.5,21.1084064135072,17.6553714633406,7.51940590478696,450
Bangladesh,Rice,186.5,25.5160540973765,28.47104285216,466.644973941723,28
Bangladesh,Rice,353,25.5160540973765,19.5925100797721,6.9578788382452,28
Brazil (Center-South),Wheat,117,19.9987195870892,19.0044389079402,112.504537971297,43
Brazil (Rio Grande do Sul),Wheat,149.5,19.5143663960783,15.6901427682712,137.5545264845,45
Bulgaria,Wheat,274,11.1701165769409,14.8279049373375,40.4614221771041,47
"Canadian Prairies (Alberta, Saskatchewan, Manitoba)",Wheat,135.5,2.4935742451926,10.9485614355799,46.7964613289079,58
"Canadian Prairies (Alberta, Saskatchewan, Manitoba)",Barley,136,2.37685350924549,10.7325300046623,47.7125664908561,57
China,Rice,121.5,14.5309323199982,17.5850819758911,101.681677720534,75
China,Rice,88,18.8148143436355,15.6699641712831,150.165509193031,75
China,Rice,182.5,18.8148143436355,27.2095563473841,200.263088355347,75
China (north),Wheat,89,4.87827374685305,2.28621514020134,16.0411536905721,74
China (North China Plain),Wheat,272,14.0554634765709,18.560037446122,63.9882978242272,73
Finland,Barley,124.5,3.08759715279342,6.16025164336153,34.9689835284038,114
France,Wheat,303.5,10.7807433178778,9.51991879960126,71.9038224386299,117
France,Barley,275,10.6186463445877,13.5106541806487,66.3723159601068,116
Germany,Wheat,290,8.51586833380378,9.18918076846732,50.2485673491915,123
Germany,Barley,274,8.47703846968793,11.5108286559544,53.2373748498248,121
Germany,Barley,106.5,8.47703846968793,7.90073162192543,52.1304908870877,121
Germany,Rye,274.5,8.65928330051265,11.6035555972023,48.2403697355705,122
Hungary,Wheat,274,10.482153542411,13.8440059875911,40.304804447001104,141
Italy,Wheat,307.5,13.4536349738464,11.6117314886476,90.3380713375278,163
Mexico,Wheat,319.5,21.254026987728,18.6876621045555,17.9785718363973,224
Pakistan,Wheat,312.5,23.9660965697015,20.3452752774825,6.86458311019482,301
Pakistan,Rice,171.5,24.4220726854491,33.4880653229807,33.6458299170643,300
Poland,Wheat,275.5,7.86470962235916,11.081010190548,46.8988860999018,313
Poland,Rye,274,7.80934681024577,11.262335335793,45.5752600832688,312
Romania,Wheat,275,10.5065067618803,13.9278827802186,37.2800722605927,320
Russia,Barley,278.5,4.1533970568117,7.08469329893761,43.5150333529426,324
Spain,Wheat,332.5,12.5568995527522,6.886294074016,57.7243148320272,360
Spain,Wheat,332.5,15.7863105251725,10.46469488838,79.1487508983705,360
Spain,Barley,341.5,12.562421060889,5.96640605237164,53.2465552090844,358
Spain,Rice,56,14.9056906534624,9.23620819099308,50.5418152427458,359
Sweden,Barley,127.5,6.16238508935982,8.4976071336889,38.6085625781174,371
Sweden,Wheat,274.5,6.3320536643691,9.39531443347069,58.8787620136806,373
Ukraine,Wheat,138,8.37267255366988,15.3917230562131,53.0321877576797,408
United Kingdom,Wheat,304,9.15072568731267,8.25203666572696,68.1823603905766,410
United Kingdom,Barley,87.5,8.77216468044936,6.00368178980836,62.9167096396097,409
United Kingdom,Barley,284,8.77216468044936,10.382495344724,80.5193369098287,409
Ontario & Quebec,Wheat,284,6.77742847927575,9.76711334724,78.0679845054082,290
Brazil (North & Northeast),Rice,30,26.3966329681802,26.1548476143082,230.050210886587,44
Brazil (Center-South),Rice,325.5,20.7475531294883,22.5414770888195,152.56281105105,42
Italy,Wheat,94,13.4536349738464,10.445665666542,63.7222482816334,163
Italy,Barley,3,13.2045828283688,4.87919781589438,70.17032989418,161
Italy,Rice,121.5,12.1494232836115,13.7232531685397,87.4742382624997,162
Sweden,Rye,274,6.62336750014768,9.7779270828201,60.1950079938634,372
Yugoslavia (Former),Wheat,274,10.4250162684383,13.8333324759903,66.1304416733005,444
Burma (Myanmar),Rice,153,26.1194312479949,27.6695102827665,417.593082096309,50
Burma (Myanmar),Rice,333,26.1194312479949,24.2980195024844,38.326620365199,50
Thailand,Rice,185.5,27.1303261308936,28.2433023830218,188.851859060102,391
Thailand,Rice,37.5,27.1303261308936,25.7099803655359,13.6817637035751,391
Vietnam (North),Rice,190.5,24.2363436666072,29.1299959020019,269.822457071692,420
Vietnam (South),Rice,227,27.1015788949629,27.5845617029247,216.736852925328,421
Vietnam (North),Rice,24.5,24.2363436666072,17.7302073940495,27.1830112717588,420
Vietnam (South),Rice,18,27.1015788949629,25.2675316599564,39.304644990619,421
Philippines,Rice,130,26.1684156548056,27.4936667683063,170.543365324081,311
Argentina,Rice,295.5,19.5967564212391,20.1217947234942,116.63830211864,20
Argentina,Wheat,180,16.6204673310008,9.8690947862059,30.7262258743582,21
South Africa (except Western Cape),Wheat,152,16.3259326584881,10.3619197144479,14.3820666511449,338
California,Barley,93,13.8219411805926,11.2185826844939,44.6774604310706,51
Colorado,Barley,104.5,6.3642589572004296,5.73250695705935,23.5346224479957,79
Idaho,Barley,114.5,6.1400703377566,6.90748119581486,37.23200384543,142
Kansas,Barley,90.5,12.0471901543077,9.09116603525957,42.3749412048573,168
Michigan,Barley,123,6.69858331082682,9.50907477023282,69.4016258836453,225
Minnesota,Barley,131,4.1338449783496,11.706132708271,62.2403994707684,227
Montana,Barley,124.5,5.86311575653343,8.910720750131,49.9423458059987,235
Nebraska,Barley,93.5,8.67397003033276,5.85109817562235,43.9650203794108,242
Nevada,Barley,117.5,9.30049065417334,9.54719441044262,21.0436784560037,248
North Dakota,Barley,128.5,4.00136419659999,10.4071359343571,52.4275597072385,268
Oregon,Barley,7,8.63697073386436,-1.01947784058697,60.2565730757718,291
South Dakota,Barley,118,6.70372047667888,9.87377821135819,57.97601416233,347
Utah,Barley,104.5,7.40884603849844,6.18578766650254,42.477266719837,414
Washington,Barley,100,8.87318313980669,7.52386379490296,33.9789285160784,430
Wisconsin,Barley,115,6.31942414472181,8.85185692224694,75.601018361812,439
Wyoming,Barley,111,5.88397443977814,6.4218871277491,32.5590209847463,442
Arizona,Barley,355.5,20.8346886214432,10.7578120892339,27.2288494936336,22
California,Barley,6.5,13.8219411805926,5.86415924046742,77.6931535671536,51
Delaware,Barley,292,12.9558277072714,13.5536632117424,80.0815586521204,90
Kansas,Barley,281.5,12.0471901543077,14.4400419652911,45.5061561307108,168
Kentucky,Barley,280.5,13.8376371099218,16.2416233385656,77.623708386151,175
Maryland,Barley,285.5,12.6442320394633,14.3186320505082,81.0211274184866,218
Nevada,Barley,270.5,9.30049065417334,13.0659744365327,13.5811095446167,248
New Jersey,Barley,275.5,11.9272143790915,15.792713679265,83.9653331467602,250
North Carolina,Barley,301.5,14.6447715327372,12.8944437445521,84.9676532043508,265
Oklahoma,Barley,290,15.5368686167066,16.3438648466356,65.2257800567104,287
Pennsylvania,Barley,267.5,10.3620412957372,15.825116631218,87.372852909443,305
South Carolina,Barley,314.5,16.2061577574035,12.2692873228704,86.9307955537583,344
Texas,Barley,294,17.8185118121834,17.6311353787097,62.766336514489,387
Virginia,Barley,291,13.5395209271613,13.907170088316,84.4044239147438,423
Arkansas,Rice,125,16.0311780514918,19.5162497759876,130.297673523539,24
California,Rice,138.5,15.9054563927296,19.0389350814866,12.6777938505486,52
Louisiana,Rice,116,19.4296716394234,21.1368146525469,121.742322317214,201
Mississippi,Rice,126,17.0174371160151,20.5578824769915,129.788123623781,230
Missouri,Rice,133,14.465113304867,19.3577159710592,124.559706715389,232
Texas,Rice,113.5,20.5874024153652,21.7969357590457,89.8527486155786,388
Georgia,Rye,301,18.1765653807637,16.7284096590709,65.6040355465296,119
Indiana,Rye,278,10.3572791391875,14.0621947482468,76.3311398005787,145
Kansas,Rye,259,12.878807495956,20.3534373722186,66.3657690221242,169
Maryland,Rye,291.5,12.6069173665046,13.1085051659177,80.5711171592775,219
Minnesota,Rye,258.5,5.25963313398641,14.1700906271213,73.937904461382,228
Nebraska,Rye,260.5,8.96200787861332,16.2051657037362,53.2987785507007,243
New Jersey,Rye,281,11.5622838543609,14.3244520336938,83.9836114657159,251
New York,Rye,271,8.0763066439097,13.3173567763258,85.6183413805356,258
North Carolina,Rye,301,15.4706425453453,13.8888544771288,79.3407371686384,266
North Dakota,Rye,261.5,4.77168665792378,12.9021799800092,41.8747331146884,269
Ohio,Rye,273,9.6413642979682,14.2709235069044,70.9329957122411,285
Oklahoma,Rye,268,15.3244954399977,20.5700021799064,79.468782106874,288
Pennsylvania,Rye,272.5,10.0614540871633,14.5419188676516,85.3419134517291,306
South Carolina,Rye,306.5,16.9305364621328,14.4179583612216,72.5749182699283,345
South Dakota,Rye,261,6.24692242417004,14.5147524202563,44.8645907902085,348
Texas,Rye,281.5,16.3313941011948,18.3747332274282,60.9578271777017,389
Virginia,Rye,283,12.7609675226854,14.5019826528908,84.9568926604964,424
Wisconsin,Rye,250.5,6.1792359849005,15.8432139439344,98.6945790018051,440
Idaho,Wheat,113,7.0683468922442,7.52539851023905,38.1071006230415,143
Minnesota,Wheat,128.5,4.3957017747472,11.3080166162106,60.9221720044489,229
Montana,Wheat,123.5,5.65961634420783,9.35640517542529,46.5414504828139,236
Nevada,Wheat,117.5,8.89114608011774,9.09439595255711,22.5157684757922,249
North Dakota,Wheat,128,4.41018927857796,10.5356047792017,53.1399643210136,270
South Dakota,Wheat,115,7.05405104580342,9.51403351875141,57.2489190256722,349
Alabama,Wheat,310.5,16.7470945316417,13.4659202268971,98.2523152816495,1
Arizona,Wheat,355.5,21.6201795301875,11.6381481162231,21.4378150465924,23
Arkansas,Wheat,303.5,16.1483809961549,13.8649108295702,98.3343546518605,25
California,Wheat,349.5,16.7768881886798,7.85827414759986,54.2707984593095,53
Colorado,Wheat,260,9.85677968579855,16.5338137933369,30.588844491982,80
Delaware,Wheat,303,12.8859311474659,11.5632947234793,81.1735252838449,91
Florida,Wheat,318.5,19.0663306316551,15.0302274236031,82.2221344541792,115
Georgia,Wheat,313.5,17.9158658824295,14.4134887485423,71.7617974816772,120
Idaho,Wheat,279,7.0683468922442,9.62232601791206,30.0605683732289,143
Illinois,Wheat,291,12.1440981775994,13.0225426851039,73.4414603038974,144
Indiana,Wheat,288.5,11.1539232863901,12.4515348384407,71.4589182394966,146
Iowa,Wheat,276,9.60013254787864,14.2025764591774,79.0509615370869,151
Kansas,Wheat,275.5,12.5292234558295,16.4809976230333,54.8582342142174,170
Kentucky,Wheat,295,13.801764634037,13.3013308199058,82.2390149482105,176
Louisiana,Wheat,313.5,18.6455620540234,15.0318142927091,111.524692115197,202
Maryland,Wheat,300.5,12.9900371557231,11.9866487826401,81.785346373817,220
Michigan,Wheat,279,8.26731168988476,12.0049006954369,69.8660152188887,226
Mississippi,Wheat,305.5,17.0881688926464,14.5490906137555,106.168300282311,231
Missouri,Wheat,293.5,12.9480874801406,13.1374781458077,83.1070759173898,233
Montana,Wheat,273,5.65961634420783,10.2376777336034,25.5503080392024,236
Nebraska,Wheat,260.5,9.72748131837416,16.592168564852,44.1356362393001,244
Nevada,Wheat,270.5,8.89114608011774,12.6878062802882,14.1147171082752,249
New Jersey,Wheat,287.5,11.7248704300823,13.1234217071181,79.8349553457766,252
New Mexico,Wheat,262.5,13.8982518289335,19.2775746131323,47.5181025276705,253
New York,Wheat,279,8.11292092038494,11.8520282792066,76.9972289878944,259
North Carolina,Wheat,308.5,15.6728206949972,13.1230143537492,80.0615709067323,267
Ohio,Wheat,286.5,9.79621105651996,11.6839043762498,60.8279628586981,286
Oklahoma,Wheat,276,15.055515294147,18.680767978554,68.9921089968455,289
Oregon,Wheat,286,9.91477804258885,10.5129287712891,30.2577598859724,292
Pennsylvania,Wheat,272.5,10.2662059509475,14.7129808400218,85.7709189775317,307
South Carolina,Wheat,326.5,17.0953969109933,11.6114021746954,71.1752977485673,346
South Dakota,Wheat,262,7.05405104580342,14.8058988806557,39.4069741062267,349
Tennessee,Wheat,301,14.6955362096632,12.9665410590111,94.8280408648478,386
Texas,Wheat,290,16.2117436059858,16.7528376337653,54.2675823204946,390
Utah,Wheat,262.5,8.25745298483964,14.3105542407782,30.575086741952,415
Virginia,Wheat,301,14.1134066149107,12.8991089503607,81.5580722885634,425
Washington,Wheat,273.5,9.29574983791076,12.4689617823909,21.2261578088033,431
West Virginia,Wheat,293.5,11.7818116164383,11.6877598032725,79.6921592406737,434
Wisconsin,Wheat,263,7.0445412355796,14.5449321115259,86.76247144151,441
Wyoming,Wheat,255,7.7704995469305,14.9509084657169,31.4047051589949,443
Andhra Pradesh,Rice,151,28.4411695229499,32.4214330340462,53.7723750108313,14
Andhra Pradesh,Rice,182.5,26.1856864814013,28.2351207161307,191.061406760758,14
Andhra Pradesh,Rice,161.5,27.4604637268218,31.2949472750206,134.379675495926,14
Andhra Pradesh,Rice,165,27.2922448530786,30.1891683565426,101.438480048748,14
Andhra Pradesh,Rice,207,27.7727400654667,28.0302616793387,89.1016260509397,14
Andhra Pradesh,Rice,182.5,27.6286429529172,29.531403781627,208.058365711065,14
Andhra Pradesh,Rice,151,28.0683591965572,32.2511280076658,85.3783413012218,14
Andhra Pradesh,Millet,182.5,27.9158939533931,29.0575018113592,86.5465967318327,13
Andhra Pradesh,Millet,165,28.9942564062841,32.5194760583641,51.4336254777091,13
Andhra Pradesh,Millet,175.5,26.7706875210794,29.3336674360148,173.30215678389,13
Andhra Pradesh,Millet,154.5,28.2103261746759,32.2309252530989,64.638960563295,13
Assam,Rice,179,24.1003114945887,27.6839801506476,621.215764599362,27
Assam,Rice,172,23.9181528927302,27.8976574132126,434.970971627991,27
Assam,Rice,165,23.8283430430502,27.5612290345226,330.749876957644,27
Assam,Rice,182.5,23.5864505552197,26.8077063823122,503.978395752392,27
Assam,Rice,196.5,23.8504101416717,28.093008488745,409.948997283639,27
Assam,Rice,158,23.2412373864316,27.2193047387238,401.544093998464,27
Assam,Rice,319,23.2257318905642,20.8663003864424,27.9566640254692,27
Gujarat,Millet,175.5,26.8447127652508,31.7620107448389,107.448232992833,133
Gujarat,Millet,186,26.7604479049874,30.6512476246532,128.939606505916,133
Gujarat,Millet,182.5,26.6619406353737,29.8201706984735,175.231243091678,133
Gujarat,Wheat,326,26.5841615169831,24.5222112440874,6.12330896274118,135
Gujarat,Wheat,322.5,26.9705749474931,24.010873700206,6.22693308002296,135
Gujarat,Rice,168.5,27.370070938254,30.2789509432215,236.927209864627,134
Himachal Pradesh,Wheat,322.5,15.5456634268353,11.4555339902894,21.4936047768417,140
Himachal Pradesh,Wheat,343.5,21.4561303362744,13.0912887469015,30.8750438524002,140
Himachal Pradesh,Wheat,354.5,20.7864680151868,12.1313792683132,45.3176738933846,140
Himachal Pradesh,Wheat,319,13.6365806355575,10.7108503449706,14.8164717142043,140
Himachal Pradesh,Barley,263,13.6365806738758,16.8339097879142,149.643580167932,138
Himachal Pradesh,Barley,119.5,15.125565577456,18.6731026473576,40.5686795421248,138
Himachal Pradesh,Rice,186,18.1868466764739,24.9094489423079,308.653072278909,139
Karnataka,Rice,172,25.406345823649,25.4715622550861,597.948989553412,171
Karnataka,Rice,203.5,24.5165182322475,24.5123219275269,87.8030519540168,171
Karnataka,Rice,3.5,24.6022728755548,21.1864989670563,10.6656416020657,171
Karnataka,Rice,168.5,26.6136454643641,27.7082480551521,41.1585082052967,171
Karnataka,Rice,158,26.7851984781745,27.1164658416999,759.551469362544,171
Karnataka,Rice,182.5,24.8135740047497,24.8036737136476,53.51919467459,171
Karnataka,Rice,168.5,23.0027883607871,22.3758126784735,564.02781072771,171
Karnataka,Rice,151,25.4372368106503,27.4059764584289,79.5619146131897,171
Karnataka,Rice,196.5,23.9458478109004,23.0539773929642,273.279755768951,171
Karnataka,Rice,161.5,23.0480942460015,23.3266396262269,123.153834092251,171
Karnataka,Wheat,305,25.2630689854569,24.3096302808212,69.0020097517853,172
Karnataka,Wheat,287.5,25.4372368071987,25.0648085715586,120.727310660652,172
Karnataka,Wheat,294.5,27.1400257622816,26.0105427753249,81.5566440922703,172
Kerala,Rice,140.5,26.8326106955526,28.2088749512434,318.830816153912,181
Kerala,Rice,119.5,27.115397063253,28.6574722060453,191.804229941126,181
Kerala,Rice,130,26.4380609731168,28.3227729044187,171.610357381914,181
Kerala,Rice,259.5,26.7971171179281,25.955478995197,345.381913175737,181
Kerala,Rice,277,26.6050021840268,26.3179193879766,245.761235986236,181
Kerala,Rice,245.5,27.1148389262028,26.353032865383,330.753495940193,181
Maharashtra,Wheat,319,27.1102103664044,23.3367436222187,12.0644488128194,211
Maharashtra,Wheat,315.5,27.3458513584446,23.6802590370835,13.4210324077414,211
Maharashtra,Wheat,322.5,25.0372551766298,22.6505579329039,26.0708687422319,211
Maharashtra,Wheat,326,26.1564818517116,22.8509621010985,21.3790933379676,211
Maharashtra,Rice,154.5,26.6172527236918,28.8666129613486,396.490480143695,210
Maharashtra,Rice,189.5,27.2188788417235,28.9081121887527,361.742562095929,210
Maharashtra,Millet,179,25.8391691567983,27.807408969561,135.704984526375,209
Maharashtra,Millet,189.5,25.2545156616261,25.5883188093977,240.814397650885,209
Orissa,Rice,182.5,27.2236720700462,29.4776868999874,261.628340443631,297
Orissa,Rice,182.5,25.7162607182927,28.0355903858573,278.37249734698503,297
Orissa,Rice,165,25.9215409613207,29.1322960937926,150.815067914543,297
Orissa,Rice,168.5,26.0022457750044,31.08309282814,229.149797253352,297
Orissa,Rice,182.5,26.2266882291394,28.9819031629395,307.587932860357,297
Orissa,Rice,158,25.5393115312597,30.1916593276549,171.006039438506,297
Orissa,Rice,158,26.7794020070705,30.0898742188092,138.617944583514,297
Orissa,Rice,175.5,26.8921681731575,29.8760141998385,241.730930793195,297
Orissa,Rice,343.5,27.2236720700462,22.2921365386129,11.7521234057379,297
Orissa,Millet,158,25.9215409570298,29.2411147621174,125.545451397761,296
Rajasthan,Millet,186,26.0161124090675,31.5976081637849,90.561161072264,317
Rajasthan,Millet,188,26.2903776644631,32.1531166352765,89.0847689256954,317
Rajasthan,Millet,193,25.7952293384031,31.0273870981769,208.666224331506,317
Rajasthan,Millet,186,25.5786310293594,32.7380566783791,86.3025546406993,317
Rajasthan,Millet,186,25.2487280947206,31.2185820355788,153.338551643523,317
Rajasthan,Millet,189.5,25.8275273375464,31.6201103189158,116.963297044635,317
Rajasthan,Millet,182.5,24.9472555943962,31.7527582301573,124.943783837416,317
Rajasthan,Millet,175.5,25.3895250351337,31.919120410584,89.0901996323452,317
Rajasthan,Millet,175.5,26.0273110418462,34.3677275884877,41.8540740684665,317
Rajasthan,Wheat,319,25.5733639030739,21.4238607472148,4.69777701468986,319
Rajasthan,Wheat,333,26.2197978040335,20.506711911715,6.44723668061198,319
Rajasthan,Wheat,319,25.7560793454758,21.465715621844,5.9573761753896,319
Rajasthan,Wheat,322.5,25.4688656078915,21.6261920214202,11.1883109894293,319
Rajasthan,Wheat,326,25.1525200292156,19.9064518724693,5.5410021701761,319
Rajasthan,Wheat,322.5,25.9424336755487,21.6819866038278,8.64516876320521,319
Rajasthan,Rice,214,26.1388931523101,27.2727131191972,300.991797819998,318
Tamil Nadu,Rice,182.5,26.1047173481746,26.470098895344,125.163834515699,380
Tamil Nadu,Rice,133.5,26.6789191354494,30.4356472727939,82.1617981163842,380
Tamil Nadu,Rice,151,26.5312267506993,27.1980610506699,131.667356437696,380
Tamil Nadu,Rice,217.5,28.0980873503698,28.6227582904268,108.233201616123,380
Tamil Nadu,Rice,168.5,27.6237234172614,28.0244165067923,23.8580632129944,380
Tamil Nadu,Rice,133.5,28.5705031957729,31.6471560123399,46.8465605858751,380
Tamil Nadu,Rice,165,28.1015853335204,30.1250120166116,34.9871419661717,380
Tamil Nadu,Rice,273.5,28.0980873503698,28.1567807097744,147.094946566055,380
Tamil Nadu,Rice,238.5,28.0183876900842,28.4858575594414,109.89333754239,380
Tamil Nadu,Rice,245.5,28.4555363380486,29.6036647364247,143.774917368831,380
Tamil Nadu,Rice,251,28.4540074357267,29.3266135054421,116.642588981251,380
Tamil Nadu,Rice,263,27.4530190030797,27.5343166618233,95.0281181650071,380
Tamil Nadu,Rice,256,28.1015853335204,28.5335892866713,117.633897093738,380
Tamil Nadu,Rice,252.5,26.3445884029929,26.3860441806038,106.42146510644,380
Tamil Nadu,Rice,200,26.6789191354494,27.7249408830491,95.0369070723216,380
West Bengal,Rice,186,26.1710092684043,29.4895614539303,294.655461029925,432
West Bengal,Rice,193,24.4179349830086,28.1390259210463,671.453597991885,432
West Bengal,Rice,182.5,26.3374520130836,29.6700334989554,262.744792813149,432
West Bengal,Rice,182.5,26.6160438178094,29.5527316448256,272.899702164206,432
West Bengal,Rice,186,26.4833322852996,29.1790691160453,319.946485620168,432
West Bengal,Rice,343.5,26.1710092684043,20.2511545522809,6.32961813068487,432
West Bengal,Rice,358,26.4833322852996,20.1434959864441,9.39363377409648,432
West Bengal,Rice,340,26.6160438178094,21.1991589609791,9.54543108711583,432
West Bengal,Rice,322.5,24.4179349830086,21.7522171564691,10.7559645757278,432
West Bengal,Wheat,347.5,26.3012478487082,19.4813862959996,4.93233417067422,433
New South Wales,Wheat,136,16.9032432638284,12.8701895524791,47.8326801424798,257
New South Wales,Barley,136,16.7745065936677,12.7944160706067,48.3589669508822,254
New South Wales,Rice,289,16.6160723763757,16.4100926349867,45.3102219609905,256
New South Wales,Millet,289,16.59331864058,16.6661017176316,58.5203517366254,255
Queensland,Wheat,151.5,19.5929965356052,14.3213336472482,38.2037665081931,316
Queensland,Barley,136,19.0234621052467,15.4845569840903,46.2393422303322,314
Queensland,Millet,304,19.2006600977976,21.4694097284039,66.6008196828741,315
South Australia,Wheat,136,16.3722869818407,13.5270731768182,44.3666104422892,343
South Australia,Barley,166.5,16.2323033072118,10.8695547316903,44.7778497042953,342
Victoria,Wheat,166.5,15.4233642440316,9.3553023310059409,37.4860478664522,419
Victoria,Barley,166.5,15.4696482277343,9.42927900942151,36.4199529723182,417
Victoria,Millet,309.5,14.8964573476439,16.202296946242,46.6156161305176,418
Western Australia,Wheat,151,17.9605559739274,13.7492774769516,63.6081267751137,438
Western Australia,Barley,136,16.9826479786688,14.2373564289108,51.8439588884255,435
Western Australia,Millet,304,17.5284660320346,17.8818853608858,28.3682308397836,436
Altai Krai,Wheat,135.5,2.41117349313025,12.4198055991179,42.1886153745675,12
Altai Krai,Barley,146,2.41112620344354,14.401673051031,43.9703262391362,9
Altai Krai,Rye,232.5,2.4113419043451,16.4412639712547,49.6191049753561,11
Bashkir ASSR,Wheat,237.5,2.71178533901321,15.1473952331268,50.0831076072526,32
Bashkir ASSR,Rye,237.5,2.71178533849454,15.1473952331845,50.0831075998038,31
Bashkir ASSR,Wheat,131,2.71178533901321,11.7919601167981,37.6187939374031,32
Central and Western Ukraine,Wheat,242.5,7.59570654675626,16.0049602824876,57.5342817064172,64
Central and Western Ukraine,Rye,242,7.38597014077473,15.8087591666111,59.6034702126799,63
Central and Western Ukraine,Barley,100.5,7.72110415906588,7.47872491081163,42.5813114004882,61
Central and Western Ukraine,Millet,130.5,7.6124486485546,13.411076364822,57.127554428623,62
Chelyabinsk,Wheat,125.5,2.39975780904461,10.0712710661167,33.2006807848812,69
Chelyabinsk,Rye,232.5,2.40221271945587,16.0206592708698,49.737993312947,68
Chelyabinsk,Barley,135.5,2.39906474446837,12.6815243274909,37.0310543308488,67
Eastern and Southern Ukraine,Wheat,232.5,8.12937162484024,19.433163962782,41.5618107454734,98
Eastern and Southern Ukraine,Rye,242.5,8.18850641995785,17.7458314563999,40.3342451259879,97
Eastern and Southern Ukraine,Barley,94.5,8.41182939308437,6.62080032934557,35.7994614855833,95
Eastern and Southern Ukraine,Millet,125.5,8.31858575770572,13.859740316797,43.6667032774012,96
Kirovohrad,Wheat,248.5,8.23315021469554,16.4687210872764,40.6835797546253,183
Kirovohrad,Barley,100.5,8.23315021422151,7.96522138083233,36.9355354298691,182
Kursk,Wheat,242.5,6.06941999803704,15.6131836356738,56.4938414461779,186
Kursk,Rye,232.5,6.07670560345727,17.3489080248543,60.290550934193,185
Kursk,Barley,120,6.06595636670297,10.9411804751613,46.26864173929,184
Northeastern Ukraine,Wheat,242,7.05874613501264,16.1764491374752,52.2387560024894,281
Northeastern Ukraine,Rye,242.5,7.00728598281937,15.9403811370265,52.6488045310926,280
Northeastern Ukraine,Barley,105,7.32962910499037,8.59620605214735,39.7487580573317,278
Northeastern Ukraine,Millet,135,7.2225698058088,15.0328660528391,46.4768918660067,279
Novosibirsk and Omsk,Wheat,145.5,1.06343326846519,13.2073896918207,39.2962018812215,284
Novosibirsk and Omsk,Barley,156.5,1.05376358606895,15.4214937538564,45.0846505465311,282
Novosibirsk and Omsk,Rye,242.5,1.08420605157793,13.5519780288696,44.1321723109777,283
Orenburg,Wheat,120,4.08811521622102,10.464151890392,28.8682385419963,295
Orenburg,Rye,237.5,4.09448338267778,17.2544527159929,35.1009014490467,294
Orenburg,Barley,110,4.08631250805201,7.67343031943698,28.0570084356209,293
Rostov,Wheat,242.5,9.15960257242948,19.2853281465638,35.3119823305966,323
Rostov,Barley,100.5,9.16082077659614,8.89148979865428,36.2015788874062,321
Rostov,Millet,125.5,9.16019930339046,14.6904492082607,42.1672778167661,322
Saratov,Wheat,253.5,5.848661469472,14.9966959963021,39.1174372711799,327
Saratov,Wheat,120,5.848661469472,11.7172413857228,32.09793864208,327
Saratov,Rye,237.5,5.84860518825571,18.1349112443543,41.0122731146573,326
Saratov,Barley,109.5,5.84867724836085,8.86092057122084,29.8262777939252,325
Southern Ukraine,Wheat,248.5,10.3397306018702,18.2270859663903,36.4997953257995,357
Southern Ukraine,Rye,263,10.0156780990068,15.579895078084,35.5046921639293,356
Southern Ukraine,Barley,80,10.1948574919667,4.20281423244955,29.6915007209147,354
Southern Ukraine,Millet,120.5,10.1395254542778,12.8673019065544,35.7190423000002,355
Stavropol Krai,Wheat,263,10.1311188482554,15.9551182931503,36.9031258858168,364
Stavropol Krai,Barley,89.5,10.0992371153303,6.65379469468571,35.3097848016043,362
Stavropol Krai,Millet,120,10.1830182663611,13.6823503060981,46.7175690682734,363
Voronezh,Wheat,238,6.53335481337088,17.5012288747721,45.4907173584068,429
Voronezh,Rye,238,6.53754326907425,17.5040824989109,45.4528728830244,428
Voronezh,Barley,105,6.53139605877594,8.25987806027406,33.7894858957236,426
Voronezh,Millet,125.5,6.53239572997593,13.0200632611247,42.3612092296636,427
Albania,Barley,319,9.19799736837501,5.64053222543834,136.979472950657,3
Albania,Rye,319,9.24395680327782,5.66679370037917,132.895359813883,4
Macedonia,Barley,319,10.1651373067247,5.74655391122057,72.7195486279358,203
Macedonia,Rye,319,10.1649010618577,5.74657771585346,72.7566050017777,205
Denmark,Barley,122,7.80550225918987,8.5698482416241,44.8982026062539,92
Denmark,Wheat,286.5,7.8055022586002,9.67713800154098,76.2608268353445,93
North Korea (central bowl),Wheat,45.5,9.56727942616739,-4.12137457117664,15.4195581131535,273
North Korea (central bowl),Barley,45.5,9.57523641543757,-4.10818418083767,15.4554891471899,271
North Korea (central bowl),Wheat,289,9.56727942616739,12.0057146942162,44.8989492769548,273
North Korea (central bowl),Barley,289,9.57523641543757,12.0119195363914,44.894755896604,271
Iraq,Rice,128.5,23.8223357464837,27.7577932260983,10.4271322746406,157
Kenya,Rice,121,23.4421824319938,23.8619447742063,138.892489926473,179
Nigeria,Rice,182,26.7381933816076,27.2503561872664,160.738613408171,264
Nigeria,Rice,121,26.6695888319128,27.6696722746009,172.508039718835,264
Nigeria,Rice,364.5,26.7381933816076,23.2763235927429,0.501150686313009,264
Nigeria,Rice,335,26.6695888319128,26.2890321320905,25.1802983934576,264
Somalia,Rice,156.5,27.5279415623051,27.1141678575485,52.59231018183,337
Tanzania,Millet,61,21.9511487350449,22.7209387856956,136.856822273475,384
Tanzania,Rice,44.5,22.3291420479177,22.7055031834391,125.65918347903,385
Turkey,Rye,304,9.60154059201476,8.26651953424103,39.0472541356931,403
Turkey,Wheat,90,11.6034085428413,8.18794157175359,59.545860856603,404
Zimbabwe,Millet,319.5,21.1003830576254,24.2668446988608,78.235201550242,448
Zimbabwe,Rice,319.5,21.1048926997178,24.2721761139581,78.2096795312257,449
Zimbabwe,Wheat,342,21.1084064135072,24.1222522749143,123.310045277837,450
Zimbabwe,Barley,121,21.1035478205179,19.7079635439485,19.2572036086439,447
